"A","ID_PERSONA","ID","M_ALTA","CENTRE_ELECCIONS","N_FORMACIONS","N_ASSESSORAMENTS","SLABORAL","BAIXA_AFILIACIO","NUM_AFILIACIO","EDAT"
"1",962831,962831.2,2,0,0,2,5,0,2,53
"2",962831,962831.2,2,0,0,2,5,0,2,53
"3",962900,962900.1,2,0,0,1,1,0,1,57
"4",972508,972508.1,3,0,0,0,1,0,1,48
"5",973607,973607.1,2,1,0,0,1,0,1,62
"6",974384,974384.3,2,1,0,3,3,0,3,62
"7",974384,974384.3,2,1,0,3,3,0,3,62
"8",974384,974384.3,2,1,0,3,3,0,3,62
"9",975660,975660.1,3,0,0,0,1,0,1,60
"10",980713,980713.1,2,0,0,1,2,0,1,57
"11",998946,998946.1,3,1,0,1,1,0,1,60
"12",1007095,1007095.2,2,1,0,2,1,0,2,61
"13",1007095,1007095.2,2,1,0,2,1,0,2,61
"14",1010022,1010022.1,2,0,0,1,2,1,1,59
"15",1010956,1010956.1,2,0,0,0,1,0,1,59
"16",1018392,1018392.1,2,0,0,1,1,0,1,58
"17",1055498,1055498.1,3,1,0,1,1,0,1,64
"18",1069405,1069405.1,2,0,0,1,1,0,1,60
"19",1070642,1070642.1,2,0,0,0,1,0,1,62
"20",1089639,1089639.1,3,1,1,1,1,0,1,63
"21",1093595,1093595.2,3,0,0,0,3,0,2,47
"22",1093595,1093595.2,3,0,0,0,3,0,2,47
"23",1116711,1116711.1,3,0,0,0,1,0,1,59
"24",1129857,1129857.1,2,0,0,0,1,1,1,44
"25",1136248,1136248.1,3,0,0,1,1,0,1,42
"26",1148842,1148842.1,2,1,0,0,1,0,1,44
"27",1149131,1149131.1,3,1,0,0,1,0,1,43
"28",1155306,1155306.1,3,0,0,1,2,0,1,51
"29",1160518,1160518.1,2,0,0,0,6,0,1,54
"30",1165173,1165173.1,3,0,0,0,1,0,1,56
"31",1186771,1186771.1,3,0,1,1,1,0,1,47
"32",1191132,1191132.4,3,1,0,0,1,1,4,36
"33",1191132,1191132.4,3,1,0,0,1,1,4,36
"34",1191132,1191132.4,3,1,0,0,1,1,4,36
"35",1191132,1191132.4,3,1,0,0,1,1,4,36
"36",1196769,1196769.1,3,0,0,1,1,1,1,43
"37",1199447,1199447.2,2,1,0,0,5,0,2,42
"38",1199447,1199447.2,2,1,0,0,5,0,2,42
"39",1206746,1206746.1,3,1,0,0,1,1,1,45
"40",1208238,1208238.1,2,1,0,0,1,0,1,51
"41",1211418,1211418.1,3,0,0,1,1,1,1,55
"42",1213598,1213598.1,2,1,0,0,1,0,1,54
"43",1219247,1219247.1,2,0,0,0,1,1,1,52
"44",1237042,1237042.2,3,1,0,0,1,1,2,54
"45",1237042,1237042.2,3,1,0,0,1,1,2,54
"46",1241647,1241647.1,2,0,0,1,1,0,1,54
"47",1241832,1241832.2,3,1,0,0,1,0,2,52
"48",1241832,1241832.2,3,1,0,0,1,0,2,52
"49",1246791,1246791.1,2,0,0,1,1,0,1,37
"50",1249283,1249283.1,2,1,0,0,1,0,1,45
"51",1249286,1249286.1,2,0,0,0,1,0,1,44
"52",1251649,1251649.2,3,1,0,0,1,0,2,53
"53",1251649,1251649.2,3,1,0,0,1,0,2,53
"54",1253626,1253626.1,3,0,0,1,1,1,1,54
"55",1259007,1259007.2,3,0,0,2,1,0,2,63
"56",1259007,1259007.2,3,0,0,2,1,0,2,63
"57",1268701,1268701.2,3,0,0,0,5,0,2,45
"58",1268701,1268701.2,3,0,0,0,5,0,2,45
"59",1270874,1270874.1,2,1,0,0,1,0,1,45
"60",1271456,1271456.1,3,1,0,0,1,0,1,45
"61",1275751,1275751.1,3,1,0,0,1,0,1,43
"62",1276430,1276430.2,3,1,0,2,1,1,2,46
"63",1276430,1276430.2,3,1,0,2,1,1,2,46
"64",1287453,1287453.2,3,1,0,0,1,0,2,39
"65",1287453,1287453.2,3,1,0,0,1,0,2,39
"66",1300917,1300917.1,2,1,0,1,1,0,1,58
"67",1320599,1320599.1,2,0,0,1,1,0,1,56
"68",1324472,1324472.2,3,1,0,0,0,0,2,56
"69",1324472,1324472.2,3,1,0,0,0,0,2,56
"70",1331385,1331385.2,3,0,0,2,2,0,2,55
"71",1331385,1331385.2,3,0,0,2,2,0,2,55
"72",1332101,1332101.1,3,0,0,0,1,0,1,41
"73",1332906,1332906.1,2,1,0,0,2,0,1,63
"74",1338449,1338449.2,2,1,0,0,1,0,2,62
"75",1338449,1338449.2,2,1,0,0,1,0,2,62
"76",1356028,1356028.1,2,0,0,1,5,0,1,61
"77",1367626,1367626.1,2,0,1,0,1,1,1,52
"78",1371121,1371121.2,2,0,0,2,1,0,2,37
"79",1371121,1371121.2,2,0,0,2,1,0,2,37
"80",1374732,1374732.1,2,0,0,2,1,1,1,59
"81",1374732,1374732.1,2,0,0,2,1,1,1,59
"82",1379492,1379492.2,2,1,0,0,1,1,2,53
"83",1379492,1379492.2,2,1,0,0,1,1,2,53
"84",1382893,1382893.1,3,1,0,0,1,0,1,48
"85",1386331,1386331.2,3,1,0,0,1,0,2,47
"86",1386331,1386331.2,3,1,0,0,1,0,2,47
"87",1391253,1391253.1,3,1,0,0,1,0,1,43
"88",1391478,1391478.2,3,1,0,0,2,0,2,52
"89",1391478,1391478.2,3,1,0,0,2,0,2,52
"90",1392729,1392729.2,2,1,0,0,1,0,2,50
"91",1392729,1392729.2,2,1,0,0,1,0,2,50
"92",1409342,1409342.2,3,1,0,0,5,0,2,59
"93",1409342,1409342.2,3,1,0,0,5,0,2,59
"94",1409949,1409949.1,2,0,0,1,6,1,1,47
"95",1421413,1421413.1,3,1,0,1,1,0,1,55
"96",1422842,1422842.1,2,1,0,0,1,0,1,54
"97",1424888,1424888.1,2,1,0,1,1,0,1,63
"98",1430706,1430706.1,3,1,0,1,1,0,1,48
"99",1443227,1443227.1,3,1,0,1,1,0,1,50
"100",1458840,1458840.1,3,1,0,1,1,0,1,48
"101",1462374,1462374.1,3,0,0,2,1,0,1,41
"102",1462374,1462374.1,3,0,0,2,1,0,1,41
"103",1466568,1466568.2,2,1,0,0,1,1,2,47
"104",1466568,1466568.2,2,1,0,0,1,1,2,47
"105",1474346,1474346.1,2,0,0,1,5,0,1,34
"106",1482025,1482025.1,2,0,0,1,5,0,1,49
"107",1482999,1482999.2,3,1,0,0,1,0,2,49
"108",1482999,1482999.2,3,1,0,0,1,0,2,49
"109",1484063,1484063.1,3,1,0,0,1,0,1,49
"110",1500275,1500275.2,3,1,0,0,3,0,2,34
"111",1500275,1500275.2,3,1,0,0,3,0,2,34
"112",1501866,1501866.2,3,0,0,2,1,0,2,44
"113",1501866,1501866.2,3,0,0,2,1,0,2,44
"114",1507409,1507409.2,2,0,0,3,1,0,2,51
"115",1507409,1507409.2,2,0,0,3,1,0,2,51
"116",1507409,1507409.2,2,0,0,3,1,0,2,51
"117",1509261,1509261.2,2,1,0,0,1,0,2,55
"118",1509261,1509261.2,2,1,0,0,1,0,2,55
"119",1520327,1520327.2,2,1,0,0,1,0,2,39
"120",1520327,1520327.2,2,1,0,0,1,0,2,39
"121",1522526,1522526.2,2,1,0,2,2,0,2,33
"122",1522526,1522526.2,2,1,0,2,2,0,2,33
"123",1531887,1531887.2,2,0,2,2,1,0,2,38
"124",1531887,1531887.2,2,0,2,2,1,0,2,38
"125",1533478,1533478.2,2,1,0,0,4,0,2,39
"126",1533478,1533478.2,2,1,0,0,4,0,2,39
"127",1537654,1537654.1,3,1,0,0,1,0,1,36
"128",1540273,1540273.1,3,1,0,1,1,0,1,54
"129",1548865,1548865.2,3,1,0,0,1,0,2,50
"130",1548865,1548865.2,3,1,0,0,1,0,2,50
"131",1550702,1550702.1,2,1,0,0,1,1,1,47
"132",1558745,1558745.3,2,0,0,3,1,0,3,53
"133",1558745,1558745.3,2,0,0,3,1,0,3,53
"134",1558745,1558745.3,2,0,0,3,1,0,3,53
"135",1560608,1560608.1,3,1,0,0,1,1,1,44
"136",1560608,1560608.1,3,1,0,0,1,1,1,44
"137",1562537,1562537.1,3,0,0,0,2,0,1,49
"138",1565450,1565450.1,3,1,0,1,0,0,1,61
"139",1567006,1567006.2,3,1,0,2,1,0,2,52
"140",1567006,1567006.2,3,1,0,2,1,0,2,52
"141",1576193,1576193.1,3,0,0,1,5,0,1,40
"142",1578557,1578557.1,2,1,0,0,1,1,1,58
"143",1582183,1582183.2,3,1,0,2,1,1,2,34
"144",1582183,1582183.2,3,1,0,2,1,1,2,34
"145",1595385,1595385.2,3,1,2,0,1,0,2,33
"146",1595385,1595385.2,3,1,2,0,1,0,2,33
"147",1605187,1605187.1,2,0,0,1,5,1,1,66
"148",1608144,1608144.1,3,1,0,1,3,1,1,50
"149",1608320,1608320.1,2,1,0,0,1,0,1,59
"150",1614586,1614586.4,2,0,0,0,5,0,4,53
"151",1614586,1614586.4,2,0,0,0,5,0,4,53
"152",1614586,1614586.4,2,0,0,0,5,0,4,53
"153",1614586,1614586.4,2,0,0,0,5,0,4,53
"154",1614586,1614586.4,2,0,0,0,5,0,4,53
"155",1641450,1641450.2,3,1,0,2,1,0,2,39
"156",1641450,1641450.2,3,1,0,2,1,0,2,39
"157",1650130,1650130.1,2,1,1,0,1,0,1,50
"158",1652420,1652420.1,3,1,0,1,1,0,1,38
"159",1656415,1656415.1,2,1,0,0,1,0,1,55
"160",1657015,1657015.1,2,0,0,1,1,0,1,50
"161",1662327,1662327.1,3,0,0,1,1,0,1,47
"162",1670310,1670310.1,3,0,0,1,5,0,1,36
"163",1673136,1673136.2,3,1,0,2,1,1,2,60
"164",1673136,1673136.2,3,1,0,2,1,1,2,60
"165",1681140,1681140.1,3,0,0,0,3,1,1,45
"166",1682085,1682085.1,2,0,0,1,1,1,1,50
"167",1682928,1682928.1,3,0,0,0,3,1,1,40
"168",1695366,1695366.1,2,1,0,0,1,0,1,35
"169",1703242,1703242.2,2,1,0,0,1,0,2,44
"170",1703242,1703242.2,2,1,0,0,1,0,2,44
"171",1704627,1704627.2,3,1,0,2,1,0,2,57
"172",1704627,1704627.2,3,1,0,2,1,0,2,57
"173",1708122,1708122.1,3,1,0,1,1,0,1,55
"174",1712722,1712722.1,3,0,0,0,1,0,1,63
"175",1721550,1721550.2,3,1,0,0,2,1,2,43
"176",1721550,1721550.2,3,1,0,0,2,1,2,43
"177",1723622,1723622.1,2,0,1,0,1,0,1,50
"178",1723664,1723664.3,2,1,0,0,1,1,3,45
"179",1723664,1723664.3,2,1,0,0,1,1,3,45
"180",1723664,1723664.3,2,1,0,0,1,1,3,45
"181",1724985,1724985.1,2,1,0,0,1,0,1,43
"182",1726291,1726291.2,2,1,0,0,1,0,2,60
"183",1726291,1726291.2,2,1,0,0,1,0,2,60
"184",1729667,1729667.2,3,1,0,2,6,1,2,65
"185",1729667,1729667.2,3,1,0,2,6,1,2,65
"186",1730461,1730461.1,3,0,0,1,1,0,1,44
"187",1732942,1732942.1,3,0,0,1,1,0,1,35
"188",1736384,1736384.2,3,0,0,0,1,1,2,37
"189",1736384,1736384.2,3,0,0,0,1,1,2,37
"190",1736384,1736384.2,3,0,0,0,1,1,2,37
"191",1738839,1738839.2,3,0,0,0,0,0,2,40
"192",1738839,1738839.2,3,0,0,0,0,0,2,40
"193",1740657,1740657.2,2,1,0,0,1,0,2,39
"194",1740657,1740657.2,2,1,0,0,1,0,2,39
"195",1740740,1740740.2,3,1,0,0,1,0,2,38
"196",1740740,1740740.2,3,1,0,0,1,0,2,38
"197",1742788,1742788.1,2,1,0,1,1,0,1,39
"198",1743835,1743835.2,2,0,0,2,5,0,2,33
"199",1743835,1743835.2,2,0,0,2,5,0,2,33
"200",1748892,1748892.1,2,1,1,0,1,0,1,54
"201",1750181,1750181.2,3,0,0,2,1,0,2,49
"202",1750181,1750181.2,3,0,0,2,1,0,2,49
"203",1753696,1753696.2,3,1,0,2,1,0,2,41
"204",1753696,1753696.2,3,1,0,2,1,0,2,41
"205",1765647,1765647.2,3,1,0,2,1,0,2,63
"206",1765647,1765647.2,3,1,0,2,1,0,2,63
"207",1766565,1766565.2,2,0,0,2,4,0,2,45
"208",1766565,1766565.2,2,0,0,2,4,0,2,45
"209",1766893,1766893.1,3,1,0,0,1,0,1,37
"210",1774268,1774268.1,2,0,1,0,3,0,1,58
"211",1784586,1784586.2,3,1,0,2,1,0,2,41
"212",1784586,1784586.2,3,1,0,2,1,0,2,41
"213",1786507,1786507.1,3,0,0,1,1,0,1,30
"214",1789150,1789150.2,2,0,0,2,1,0,2,57
"215",1789150,1789150.2,2,0,0,2,1,0,2,57
"216",1790622,1790622.4,2,1,0,5,1,0,4,53
"217",1790622,1790622.4,2,1,0,5,1,0,4,53
"218",1790622,1790622.4,2,1,0,5,1,0,4,53
"219",1790622,1790622.4,2,1,0,5,1,0,4,53
"220",1790622,1790622.4,2,1,0,5,1,0,4,53
"221",1792416,1792416.1,2,0,0,1,1,0,1,33
"222",1793249,1793249.2,3,1,0,2,1,0,2,55
"223",1793249,1793249.2,3,1,0,2,1,0,2,55
"224",1797974,1797974.1,2,1,0,0,1,0,1,61
"225",1801981,1801981.1,3,1,0,1,1,1,1,43
"226",1804649,1804649.1,2,0,0,1,1,1,1,37
"227",1807211,1807211.2,3,1,0,0,2,0,2,35
"228",1807211,1807211.2,3,1,0,0,2,0,2,35
"229",1808243,1808243.1,3,1,0,1,5,0,1,57
"230",1816277,1816277.2,2,1,0,0,1,0,2,41
"231",1816277,1816277.2,2,1,0,0,1,0,2,41
"232",1817870,1817870.1,3,1,0,1,1,0,1,55
"233",1819311,1819311.1,3,0,0,1,1,0,1,41
"234",1822026,1822026.2,2,0,0,2,1,0,2,40
"235",1822026,1822026.2,2,0,0,2,1,0,2,40
"236",1834897,1834897.2,3,0,2,2,1,1,2,35
"237",1834897,1834897.2,3,0,2,2,1,1,2,35
"238",1838469,1838469.1,3,0,1,0,1,0,1,54
"239",1848895,1848895.1,3,1,0,0,0,0,1,35
"240",1852731,1852731.2,3,1,0,2,1,0,2,50
"241",1852731,1852731.2,3,1,0,2,1,0,2,50
"242",1855715,1855715.3,3,1,0,3,1,0,3,50
"243",1855715,1855715.3,3,1,0,3,1,0,3,50
"244",1855715,1855715.3,3,1,0,3,1,0,3,50
"245",1860133,1860133.2,3,1,0,0,6,0,2,40
"246",1860133,1860133.2,3,1,0,0,6,0,2,40
"247",1862397,1862397.3,3,1,0,0,2,0,3,36
"248",1862397,1862397.3,3,1,0,0,2,0,3,36
"249",1862397,1862397.3,3,1,0,0,2,0,3,36
"250",1869541,1869541.1,3,0,0,1,5,0,1,52
"251",1881568,1881568.2,2,1,0,0,0,0,2,36
"252",1881568,1881568.2,2,1,0,0,0,0,2,36
"253",1882163,1882163.2,3,0,0,2,3,0,2,43
"254",1882163,1882163.2,3,0,0,2,3,0,2,43
"255",1885873,1885873.1,3,0,0,1,6,0,1,64
"256",1892764,1892764.2,2,0,0,2,1,0,2,57
"257",1892764,1892764.2,2,0,0,2,1,0,2,57
"258",1906822,1906822.2,3,0,0,0,2,1,2,47
"259",1906822,1906822.2,3,0,0,0,2,1,2,47
"260",1908272,1908272.3,2,1,0,0,5,0,3,47
"261",1908272,1908272.3,2,1,0,0,5,0,3,47
"262",1908272,1908272.3,2,1,0,0,5,0,3,47
"263",1909445,1909445.1,2,0,0,1,5,0,1,41
"264",1916277,1916277.1,3,1,0,1,1,0,1,50
"265",1917065,1917065.1,2,1,0,0,1,0,1,45
"266",1919567,1919567.2,3,1,0,2,1,1,2,43
"267",1919567,1919567.2,3,1,0,2,1,1,2,43
"268",1923108,1923108.2,2,1,0,0,1,0,2,31
"269",1923108,1923108.2,2,1,0,0,1,0,2,31
"270",1923757,1923757.2,3,0,0,2,1,0,2,65
"271",1923757,1923757.2,3,0,0,2,1,0,2,65
"272",1924696,1924696.1,3,1,0,0,1,0,1,50
"273",1931027,1931027.1,3,0,0,0,0,0,1,40
"274",1931032,1931032.2,2,1,0,2,1,0,2,51
"275",1931032,1931032.2,2,1,0,2,1,0,2,51
"276",1932472,1932472.1,2,0,0,0,1,1,1,41
"277",1933464,1933464.1,3,0,0,1,1,1,1,40
"278",1939777,1939777.2,3,1,0,0,1,0,2,35
"279",1939777,1939777.2,3,1,0,0,1,0,2,35
"280",1943983,1943983.2,2,1,0,0,1,0,2,60
"281",1943983,1943983.2,2,1,0,0,1,0,2,60
"282",1944489,1944489.2,2,1,0,0,1,1,2,37
"283",1944489,1944489.2,2,1,0,0,1,1,2,37
"284",1946972,1946972.3,3,1,0,0,1,0,3,42
"285",1946972,1946972.3,3,1,0,0,1,0,3,42
"286",1946972,1946972.3,3,1,0,0,1,0,3,42
"287",1946972,1946972.3,3,1,0,0,1,0,3,42
"288",1951103,1951103.1,3,1,0,0,1,0,1,43
"289",1952734,1952734.2,3,1,0,0,1,0,2,31
"290",1952734,1952734.2,3,1,0,0,1,0,2,31
"291",1955874,1955874.1,3,0,0,1,1,0,1,50
"292",1957266,1957266.1,2,0,0,1,1,0,1,44
"293",1957460,1957460.2,3,1,0,0,1,0,2,38
"294",1957460,1957460.2,3,1,0,0,1,0,2,38
"295",1962133,1962133.2,3,1,0,0,1,0,2,57
"296",1962133,1962133.2,3,1,0,0,1,0,2,57
"297",1963332,1963332.1,2,1,0,0,1,0,1,53
"298",1975727,1975727.1,2,0,1,0,1,1,1,35
"299",1977563,1977563.1,3,1,0,1,1,1,1,32
"300",1979384,1979384.2,3,0,0,2,1,0,2,38
"301",1979384,1979384.2,3,0,0,2,1,0,2,38
"302",1981795,1981795.2,3,0,2,0,1,1,2,38
"303",1981795,1981795.2,3,0,2,0,1,1,2,38
"304",1996159,1996159.1,2,1,0,1,1,0,1,44
"305",1996194,1996194.2,3,1,0,0,1,0,2,32
"306",1996194,1996194.2,3,1,0,0,1,0,2,32
"307",1996194,1996194.2,3,1,0,0,1,0,2,32
"308",1998290,1998290.1,3,0,0,1,1,0,1,62
"309",1999278,1999278.1,3,1,0,1,1,0,1,56
"310",2003532,2003532.1,3,1,0,0,0,0,1,43
"311",2005404,2005404.2,2,1,0,2,1,0,2,37
"312",2005404,2005404.2,2,1,0,2,1,0,2,37
"313",2005412,2005412.1,2,1,0,0,1,0,1,40
"314",2011693,2011693.2,2,1,0,0,1,0,2,63
"315",2011693,2011693.2,2,1,0,0,1,0,2,63
"316",2013450,2013450.1,2,1,0,0,1,1,1,36
"317",2014288,2014288.1,3,1,0,0,1,0,1,59
"318",2015477,2015477.2,3,1,0,0,5,0,2,45
"319",2015477,2015477.2,3,1,0,0,5,0,2,45
"320",2018067,2018067.2,2,1,0,2,1,0,2,55
"321",2018067,2018067.2,2,1,0,2,1,0,2,55
"322",2027084,2027084.1,3,0,0,1,1,0,1,46
"323",2027201,2027201.2,2,0,0,2,1,0,2,46
"324",2027201,2027201.2,2,0,0,2,1,0,2,46
"325",2031135,2031135.1,3,0,0,1,5,0,1,30
"326",2033951,2033951.1,3,0,0,0,1,0,1,34
"327",2041562,2041562.1,2,1,0,0,1,0,1,39
"328",2068000,2068000.1,2,0,0,0,1,0,1,31
"329",2098332,2098332.1,2,1,0,0,1,0,1,47
"330",2102688,2102688.1,2,1,0,0,1,1,1,48
"331",2184433,2184433.2,3,1,0,0,1,1,2,36
"332",2184433,2184433.2,3,1,0,0,1,1,2,36
"333",2249203,2249203.1,2,0,0,1,1,1,1,59
"334",2299824,2299824.1,2,0,0,1,2,0,1,59
"335",2338555,2338555.1,3,1,0,0,1,0,1,29
"336",2348698,2348698.2,3,1,0,0,1,0,2,25
"337",2348698,2348698.2,3,1,0,0,1,0,2,25
"338",2360739,2360739.1,2,1,0,1,1,1,1,34
"339",2378648,2378648.2,3,0,0,2,1,0,2,49
"340",2378648,2378648.2,3,0,0,2,1,0,2,49
"341",2384641,2384641.1,3,0,0,1,2,0,1,58
"342",2385658,2385658.2,3,1,0,0,0,0,2,60
"343",2385658,2385658.2,3,1,0,0,0,0,2,60
"344",2385850,2385850.1,2,0,0,1,1,0,1,33
"345",2407591,2407591.2,3,0,0,2,5,1,2,49
"346",2407591,2407591.2,3,0,0,2,5,1,2,49
"347",2430809,2430809.1,3,1,0,1,1,1,1,35
"348",2498741,2498741.2,2,1,0,0,1,0,2,31
"349",2498741,2498741.2,2,1,0,0,1,0,2,31
"350",2503012,2503012.2,3,1,0,0,2,0,2,35
"351",2503012,2503012.2,3,1,0,0,2,0,2,35
"352",2509840,2509840.2,2,0,0,2,1,1,2,39
"353",2509840,2509840.2,2,0,0,2,1,1,2,39
"354",2510605,2510605.2,3,1,0,0,3,0,2,30
"355",2510605,2510605.2,3,1,0,0,3,0,2,30
"356",2558966,2558966.1,3,1,0,0,1,0,1,31
"357",2570618,2570618.1,3,1,0,1,1,1,1,43
"358",2582239,2582239.2,2,1,0,0,1,0,2,44
"359",2582239,2582239.2,2,1,0,0,1,0,2,44
"360",2590995,2590995.1,2,1,0,1,1,0,1,44
"361",2601298,2601298.2,3,1,2,0,1,0,2,27
"362",2601298,2601298.2,3,1,2,0,1,0,2,27
"363",2633043,2633043.2,2,1,0,2,1,0,2,56
"364",2633043,2633043.2,2,1,0,2,1,0,2,56
"365",2639125,2639125.2,2,1,0,0,1,0,2,39
"366",2639125,2639125.2,2,1,0,0,1,0,2,39
"367",2658498,2658498.1,2,0,0,1,1,0,1,39
"368",2699070,2699070.3,3,1,0,0,0,1,3,31
"369",2699070,2699070.3,3,1,0,0,0,1,3,31
"370",2699070,2699070.3,3,1,0,0,0,1,3,31
"371",2711031,2711031.1,3,1,0,0,1,0,1,46
"372",2743078,2743078.1,2,0,0,0,1,0,1,54
"373",2767451,2767451.2,2,0,0,2,1,1,2,27
"374",2767451,2767451.2,2,0,0,2,1,1,2,27
"375",2785679,2785679.1,2,0,0,1,1,0,1,29
"376",2870517,2870517.2,2,1,0,2,1,0,2,30
"377",2870517,2870517.2,2,1,0,2,1,0,2,30
"378",2940362,2940362.2,2,0,0,0,1,0,2,45
"379",2940362,2940362.2,2,0,0,0,1,0,2,45
"380",2968633,2968633.1,3,1,0,0,1,0,1,43
"381",2977760,2977760.2,3,1,0,0,2,0,2,47
"382",2977760,2977760.2,3,1,0,0,2,0,2,47
"383",2977766,2977766.1,3,1,0,0,1,0,1,38
"384",2978038,2978038.2,2,1,0,2,1,0,2,43
"385",2978038,2978038.2,2,1,0,2,1,0,2,43
"386",3010715,3010715.1,3,0,0,0,2,0,1,42
"387",3019396,3019396.1,3,0,0,1,1,0,1,39
"388",3050037,3050037.2,3,0,0,0,1,1,2,36
"389",3050037,3050037.2,3,0,0,0,1,1,2,36
"390",3097514,3097514.1,2,1,0,0,1,0,1,37
"391",3174109,3174109.2,3,0,2,0,3,0,2,35
"392",3174109,3174109.2,3,0,2,0,3,0,2,35
"393",3238948,3238948.1,2,0,0,1,1,0,1,35
"394",3335305,3335305.2,2,1,0,2,1,0,2,48
"395",3335305,3335305.2,2,1,0,2,1,0,2,48
"396",3422788,3422788.1,2,1,0,0,1,0,1,48
"397",3422788,3422788.1,2,1,0,0,1,0,1,48
"398",3541939,3541939.2,3,1,0,2,1,0,2,56
"399",3541939,3541939.2,3,1,0,2,1,0,2,56
"400",3655146,3655146.1,2,1,0,0,1,0,1,33
"401",3856701,3856701.2,2,1,0,0,1,1,2,36
"402",3856701,3856701.2,2,1,0,0,1,1,2,36
"403",3856701,3856701.2,2,1,0,0,1,1,2,36
"404",3891583,3891583.2,3,1,0,2,1,1,2,35
"405",3891583,3891583.2,3,1,0,2,1,1,2,35
"406",3918774,3918774.1,2,0,1,0,1,0,1,33
"407",3934211,3934211.1,3,1,0,0,1,0,1,31
"408",3958052,3958052.1,3,1,0,1,1,1,1,46
"409",3972953,3972953.2,2,1,0,0,5,1,2,32
"410",3972953,3972953.2,2,1,0,0,5,1,2,32
"411",4059526,4059526.1,3,0,0,1,1,0,1,43
"412",4067119,4067119.2,3,0,0,2,5,0,2,30
"413",4067119,4067119.2,3,0,0,2,5,0,2,30
"414",4107546,4107546.1,3,0,0,1,1,0,1,23
"415",4143350,4143350.1,3,1,0,0,1,0,1,34
"416",4193568,4193568.1,2,1,0,1,1,0,1,44
"417",4210542,4210542.2,3,0,0,0,5,1,2,46
"418",4210542,4210542.2,3,0,0,0,5,1,2,46
"419",4234483,4234483.1,3,0,0,0,1,0,1,40
"420",4315375,4315375.1,3,0,0,1,5,1,1,35
"421",4427839,4427839.1,3,1,0,0,1,1,1,39
"422",4492343,4492343.1,2,1,0,0,1,0,1,49
"423",4517291,4517291.1,3,0,1,0,1,0,1,33
"424",4593612,4593612.1,3,1,0,1,1,0,1,50
"425",4613345,4613345.2,3,1,0,0,3,0,2,27
"426",4613345,4613345.2,3,1,0,0,3,0,2,27
"427",4635151,4635151.1,3,0,0,1,1,0,1,58
"428",4691583,4691583.2,2,0,0,0,5,0,2,47
"429",4691583,4691583.2,2,0,0,0,5,0,2,47
"430",4797831,4797831.1,2,1,0,0,1,1,1,42
"431",4798227,4798227.1,3,1,0,1,1,1,1,25
"432",5085729,5085729.1,3,0,0,1,1,1,1,43
"433",5087709,5087709.1,2,0,1,0,3,1,1,27
"434",5087763,5087763.1,2,0,0,1,5,0,1,39
"435",5089538,5089538.1,3,0,1,0,1,1,1,44
"436",5092508,5092508.1,3,1,0,1,1,1,1,51
"437",5093151,5093151.1,2,1,0,0,1,0,1,41
"438",5104133,5104133.1,3,1,0,0,1,0,1,51
"439",5104445,5104445.1,3,1,0,1,2,0,1,50
"440",5106154,5106154.1,2,0,0,1,1,0,1,32
"441",5109847,5109847.1,3,1,1,0,2,0,1,40
"442",5110503,5110503.1,3,1,0,0,1,0,1,40
"443",5114367,5114367.1,2,0,1,0,3,0,1,32
"444",5115128,5115128.1,2,0,1,0,3,1,1,48
"445",5116802,5116802.1,2,0,1,0,3,0,1,30
"446",5122298,5122298.1,3,1,1,0,3,0,1,59
"447",5301213,5301213.1,3,1,0,0,3,1,1,42
"448",5373356,5373356.1,3,0,0,1,1,0,1,51
"449",5484498,5484498.2,2,0,2,0,1,1,2,46
"450",5484498,5484498.2,2,0,2,0,1,1,2,46
"451",5686569,5686569.1,3,0,0,1,1,0,1,25
"452",5797461,5797461.1,2,1,0,0,1,0,1,41
"453",5815040,5815040.1,2,0,1,1,1,0,1,32
"454",5910426,5910426.1,2,1,0,1,1,0,1,30
"455",5953928,5953928.1,2,1,0,1,1,0,1,64
"456",5987695,5987695.1,3,1,0,0,1,0,1,48
"457",6008907,6008907.1,3,1,0,0,1,0,1,28
"458",6008956,6008956.1,3,1,0,1,1,0,1,35
"459",6037887,6037887.1,2,0,0,1,1,1,1,33
"460",6108401,6108401.1,2,1,0,0,1,1,1,33
"461",6144841,6144841.1,3,1,0,1,1,0,1,50
"462",6164007,6164007.1,3,0,0,1,1,0,1,52
"463",6173911,6173911.1,3,1,0,1,1,0,1,44
"464",6194379,6194379.1,2,1,0,0,1,0,1,46
"465",6197922,6197922.1,3,1,0,2,1,0,1,28
"466",6197922,6197922.1,3,1,0,2,1,0,1,28
"467",6209757,6209757.1,2,0,0,0,1,0,1,33
"468",6212546,6212546.1,3,0,0,1,1,0,1,45
"469",6216980,6216980.1,2,0,0,1,1,0,1,32
"470",6237287,6237287.1,2,0,0,1,1,0,1,19
"471",6248235,6248235.1,2,1,0,0,1,0,1,54
"472",6250150,6250150.1,2,1,0,0,1,0,1,29
"473",6251391,6251391.1,2,0,1,0,1,1,1,27
"474",6252872,6252872.1,2,1,0,1,1,1,1,28
"475",6253858,6253858.1,2,0,0,0,5,0,1,42
"476",6253890,6253890.1,2,0,0,0,5,0,1,57
"477",6254295,6254295.1,2,1,1,0,1,0,1,64
"478",6254516,6254516.1,2,0,0,0,1,0,1,42
"479",6254549,6254549.1,3,0,0,1,1,0,1,38
"480",6255673,6255673.1,2,1,0,0,1,0,1,41
"481",6259252,6259252.1,2,1,0,0,1,0,1,30
"482",6259510,6259510.1,2,1,0,0,1,0,1,38
"483",6259621,6259621.1,2,0,0,1,1,0,1,29
"484",6265713,6265713.1,2,0,0,0,1,0,1,42
"485",6267981,6267981.1,2,0,0,0,5,1,1,24
"486",6270535,6270535.1,2,0,0,1,1,1,1,48
"487",6270666,6270666.1,2,0,0,1,1,0,1,60
"488",6270806,6270806.1,3,0,0,1,0,1,1,35
"489",6270850,6270850.1,2,0,0,1,5,1,1,23
"490",6270941,6270941.1,2,0,0,0,1,0,1,43
"491",6271251,6271251.1,2,0,0,0,5,1,1,55
"492",6274928,6274928.1,2,1,0,0,1,1,1,33
"493",6275201,6275201.1,2,1,0,0,1,0,1,26
"494",6275756,6275756.1,2,1,0,0,1,0,1,27
"495",6276501,6276501.1,2,0,0,1,1,0,1,39
"496",6276708,6276708.1,2,0,0,0,5,0,1,56
"497",6280922,6280922.1,2,0,0,0,1,1,1,31
"498",6281046,6281046.1,2,0,0,0,1,0,1,51
"499",6281276,6281276.1,2,1,0,0,1,0,1,43
"500",6281444,6281444.1,2,0,1,0,3,0,1,29
"501",6281530,6281530.1,2,0,0,1,1,0,1,48
"502",6282402,6282402.1,2,0,0,0,3,0,1,42
"503",6286026,6286026.1,2,1,0,1,1,1,1,33
"504",6286349,6286349.1,2,0,0,0,1,0,1,47
"505",6287258,6287258.1,2,0,0,1,1,0,1,61
"506",6287290,6287290.1,2,0,0,0,1,1,1,31
"507",6287493,6287493.1,2,1,0,0,1,1,1,33
"508",6287577,6287577.1,2,1,0,0,1,1,1,39
"509",6289341,6289341.1,2,0,0,1,1,0,1,46
"510",6289900,6289900.1,2,1,0,0,1,0,1,36
"511",6290853,6290853.1,2,1,0,0,1,1,1,42
"512",6290911,6290911.1,3,1,1,0,1,0,1,56
"513",6291009,6291009.1,2,1,0,0,1,0,1,35
"514",6291137,6291137.1,2,1,0,0,1,0,1,28
"515",6293569,6293569.1,2,0,0,0,5,0,1,33
"516",6293736,6293736.1,2,1,0,0,1,0,1,46
"517",6294240,6294240.1,2,1,0,1,1,0,1,46
"518",6298463,6298463.1,2,0,0,1,1,1,1,37
"519",6299746,6299746.1,2,0,0,1,5,0,1,44
"520",6299846,6299846.1,2,0,0,0,5,0,1,22
"521",6300400,6300400.1,2,0,0,1,3,0,1,25
"522",6300981,6300981.1,2,0,0,1,1,1,1,32
"523",6301239,6301239.1,2,1,0,0,1,1,1,55
"524",6302540,6302540.1,2,0,0,0,1,0,1,61
"525",6303877,6303877.1,2,0,0,1,5,0,1,38
"526",6304529,6304529.1,2,0,0,1,1,0,1,35
"527",6304602,6304602.1,2,1,0,0,1,1,1,39
"528",6304666,6304666.1,2,1,0,1,1,0,1,40
"529",6305039,6305039.1,2,1,0,1,1,1,1,56
"530",6307056,6307056.1,2,1,0,0,1,1,1,34
"531",6308092,6308092.1,2,0,0,0,1,1,1,41
"532",6308983,6308983.1,2,0,0,1,1,0,1,23
"533",6309051,6309051.1,2,0,0,1,1,1,1,59
"534",6309135,6309135.1,2,1,0,1,1,0,1,43
"535",6309265,6309265.1,2,0,0,1,1,0,1,33
"536",6309412,6309412.1,2,0,0,1,1,0,1,40
"537",6309443,6309443.1,2,0,0,0,1,1,1,25
"538",6310038,6310038.1,2,0,0,0,5,0,1,38
"539",6311231,6311231.1,2,1,0,0,2,1,1,40
"540",6311796,6311796.1,2,0,0,0,3,0,1,28
"541",6313548,6313548.1,2,1,0,0,1,0,1,55
"542",6313934,6313934.1,2,1,0,0,1,1,1,55
"543",6314088,6314088.1,2,0,0,1,1,0,1,19
"544",6314365,6314365.1,2,1,0,0,1,0,1,38
"545",6314437,6314437.1,2,0,0,1,1,0,1,46
"546",6314466,6314466.1,2,0,0,1,5,0,1,48
"547",6314579,6314579.1,2,0,0,1,1,1,1,36
"548",6314700,6314700.1,2,0,0,1,5,0,1,32
"549",6314716,6314716.1,2,0,0,1,1,0,1,57
"550",6314932,6314932.1,2,0,0,0,3,0,1,40
"551",6315123,6315123.1,2,0,1,0,3,1,1,31
"552",6315135,6315135.1,2,1,0,1,1,0,1,58
"553",6315419,6315419.1,3,0,0,0,1,0,1,25
"554",6315506,6315506.1,2,0,0,0,3,0,1,42
"555",6315567,6315567.1,2,1,0,0,1,0,1,31
"556",6316336,6316336.1,2,1,0,1,1,0,1,28
"557",6316676,6316676.1,2,1,0,1,1,0,1,42
"558",6316998,6316998.1,2,0,0,0,1,0,1,46
"559",6317003,6317003.1,2,1,0,0,3,0,1,35
"560",6317073,6317073.1,2,0,0,0,1,0,1,45
"561",6317150,6317150.1,2,0,0,0,1,0,1,46
"562",6319467,6319467.1,2,0,0,0,5,0,1,40
"563",6319612,6319612.1,2,1,0,0,1,0,1,62
"564",6319711,6319711.1,2,0,0,1,1,0,1,43
"565",6320145,6320145.1,2,0,0,1,1,0,1,51
"566",6320240,6320240.1,2,1,0,1,1,0,1,37
"567",6320613,6320613.1,2,0,0,1,5,0,1,28
"568",6320870,6320870.1,2,0,0,0,1,0,1,48
"569",6321211,6321211.1,2,1,0,0,1,0,1,20
"570",6321283,6321283.1,2,0,0,0,1,0,1,48
"571",6321754,6321754.1,2,0,0,0,5,1,1,36
"572",6322866,6322866.1,2,0,0,0,1,0,1,33
"573",6329441,6329441.1,2,0,0,1,1,0,1,63
"574",6329579,6329579.1,2,1,0,0,1,0,1,30
"575",6329693,6329693.1,2,0,0,0,5,0,1,27
"576",6329693,6329693.1,2,0,0,0,5,0,1,27
"577",6329713,6329713.1,2,1,0,0,1,1,1,25
"578",6329830,6329830.1,2,0,0,1,1,0,1,59
"579",6329853,6329853.1,2,1,0,1,1,1,1,19
"580",6330235,6330235.1,2,0,0,0,1,0,1,40
"581",6330377,6330377.1,2,1,0,1,1,0,1,41
"582",6330831,6330831.1,2,0,0,0,1,0,1,64
"583",6331065,6331065.1,2,0,0,0,2,0,1,34
"584",6331304,6331304.1,2,0,0,1,6,0,1,64
"585",6331606,6331606.1,2,1,0,0,1,0,1,40
"586",6331913,6331913.1,2,0,1,0,1,1,1,20
"587",6332172,6332172.1,2,0,1,0,3,0,1,28
"588",6332174,6332174.1,2,1,0,0,1,0,1,32
"589",6332468,6332468.1,2,1,0,0,2,1,1,45
"590",6332490,6332490.1,2,1,0,1,1,0,1,42
"591",6332546,6332546.1,2,0,1,0,3,0,1,25
"592",6333029,6333029.1,2,0,0,0,1,0,1,30
"593",6333063,6333063.1,2,0,0,0,2,0,1,59
"594",6333486,6333486.1,2,0,0,1,2,0,1,59
"595",6334371,6334371.1,2,0,0,0,1,1,1,43
"596",6334372,6334372.1,2,0,0,0,1,0,1,26
"597",6334686,6334686.1,2,0,1,0,1,0,1,37
"598",6334770,6334770.1,2,0,0,1,1,0,1,44
"599",6334819,6334819.1,2,1,0,0,1,0,1,41
"600",6334943,6334943.1,2,0,0,1,1,0,1,50
"601",6335005,6335005.1,3,0,0,1,5,0,1,54
"602",6335006,6335006.1,2,0,0,2,1,1,1,33
"603",6335006,6335006.1,2,0,0,2,1,1,1,33
"604",6335196,6335196.1,2,1,0,1,1,0,1,67
"605",6335371,6335371.1,2,1,0,0,1,1,1,33
"606",6336004,6336004.1,2,1,0,0,1,0,1,46
"607",6336152,6336152.1,2,0,0,0,1,0,1,58
"608",6336682,6336682.1,2,0,0,1,3,0,1,62
"609",6337643,6337643.1,2,1,0,1,1,0,1,32
"610",6338274,6338274.1,2,0,0,0,3,0,1,26
"611",6338860,6338860.1,3,0,0,0,3,0,1,33
"612",6340449,6340449.1,2,0,0,1,5,0,1,39
"613",6340468,6340468.1,2,0,0,0,5,1,1,22
"614",6340850,6340850.1,2,0,0,1,1,0,1,62
"615",6340851,6340851.1,2,0,0,0,5,0,1,35
"616",6340879,6340879.1,2,1,0,1,1,0,1,36
"617",6340942,6340942.1,2,1,1,0,1,0,1,32
"618",6340995,6340995.1,2,0,1,0,3,1,1,31
"619",6341095,6341095.1,2,1,0,1,1,0,1,39
"620",6341701,6341701.1,2,0,0,1,5,0,1,24
"621",6341933,6341933.1,2,0,0,0,5,1,1,25
"622",6342372,6342372.1,2,0,0,1,1,0,1,60
"623",6345183,6345183.1,2,0,0,0,1,0,1,36
"624",6345500,6345500.1,2,0,0,0,1,1,1,40
"625",6345910,6345910.1,2,1,0,1,1,0,1,28
"626",6347629,6347629.1,2,1,0,1,1,0,1,42
"627",6347845,6347845.1,2,1,0,1,1,0,1,43
"628",6347925,6347925.1,2,1,0,0,1,1,1,32
"629",6348494,6348494.1,2,1,0,0,1,0,1,41
"630",6348863,6348863.1,2,1,0,0,1,1,1,40
"631",6349691,6349691.1,2,0,0,1,1,0,1,60
"632",6350171,6350171.1,2,0,0,1,1,0,1,23
"633",6350423,6350423.1,2,0,0,0,1,0,1,42
"634",6350768,6350768.1,2,0,0,1,1,0,1,25
"635",6350856,6350856.1,2,0,0,1,1,0,1,31
"636",6350880,6350880.1,2,1,0,1,1,0,1,26
"637",6351504,6351504.1,3,0,0,1,1,0,1,39
"638",6351533,6351533.1,2,1,0,0,3,0,1,28
"639",6351644,6351644.1,2,0,0,0,5,0,1,48
"640",6352197,6352197.1,3,0,0,0,5,0,1,26
"641",6353881,6353881.1,2,1,0,0,1,0,1,40
"642",6354146,6354146.1,2,0,0,1,1,0,1,50
"643",6354229,6354229.1,2,1,0,1,1,0,1,59
"644",6354350,6354350.1,2,0,0,0,1,1,1,34
"645",6354591,6354591.1,2,0,0,0,1,0,1,33
"646",6354724,6354724.1,2,1,0,1,1,1,1,44
"647",6354855,6354855.1,2,1,0,1,1,0,1,50
"648",6354976,6354976.1,2,0,0,0,6,0,1,65
"649",6355202,6355202.1,2,1,0,1,1,1,1,42
"650",6355272,6355272.1,2,0,0,0,1,0,1,30
"651",6355809,6355809.1,2,0,0,1,5,0,1,32
"652",6355810,6355810.1,2,0,0,1,1,0,1,48
"653",6355812,6355812.1,2,0,0,1,5,1,1,41
"654",6356173,6356173.1,2,1,0,0,1,0,1,28
"655",6356785,6356785.1,2,1,0,1,1,0,1,33
"656",6363651,6363651.1,3,0,0,1,1,0,1,58
"657",6363677,6363677.1,2,0,0,1,1,1,1,37
"658",6363795,6363795.1,2,1,0,0,1,0,1,36
"659",6363800,6363800.1,2,1,0,1,1,0,1,30
"660",6363916,6363916.1,2,0,0,0,1,0,1,29
"661",6364144,6364144.1,2,1,0,1,1,0,1,30
"662",6364147,6364147.1,2,0,0,1,5,0,1,23
"663",6364172,6364172.1,2,0,0,1,6,0,1,65
"664",6364174,6364174.1,2,0,0,0,5,0,1,23
"665",6364374,6364374.1,2,1,0,1,1,0,1,50
"666",6364423,6364423.1,2,1,0,0,1,0,1,41
"667",6364575,6364575.1,2,0,0,1,1,0,1,28
"668",6364667,6364667.1,2,0,0,1,5,1,1,23
"669",6364885,6364885.1,2,0,0,1,5,0,1,34
"670",6364909,6364909.1,2,0,0,1,1,0,1,37
"671",6364930,6364930.1,2,0,0,2,5,0,1,30
"672",6364930,6364930.1,2,0,0,2,5,0,1,30
"673",6365053,6365053.1,2,1,0,1,1,0,1,26
"674",6365064,6365064.1,2,0,0,1,1,1,1,49
"675",6365278,6365278.1,2,1,0,0,1,0,1,24
"676",6365335,6365335.1,2,0,0,1,1,0,1,46
"677",6365902,6365902.1,3,0,0,0,1,0,1,39
"678",6365951,6365951.1,2,0,1,0,3,0,1,42
"679",6365960,6365960.1,2,0,0,1,5,0,1,55
"680",6366329,6366329.1,2,1,0,1,1,0,1,47
"681",6366522,6366522.1,2,0,0,1,1,1,1,35
"682",6366803,6366803.1,2,1,0,1,1,0,1,49
"683",6366816,6366816.1,2,1,0,1,1,0,1,54
"684",6367554,6367554.1,2,0,0,1,1,0,1,41
"685",6367618,6367618.1,2,0,1,0,1,0,1,39
"686",6369047,6369047.1,3,0,0,0,1,0,1,41
"687",6369136,6369136.1,2,1,0,1,1,0,1,55
"688",6369141,6369141.1,2,0,0,0,5,0,1,26
"689",6369585,6369585.1,2,1,0,1,1,0,1,61
"690",6369599,6369599.1,2,0,0,1,1,0,1,34
"691",6369832,6369832.1,2,0,0,1,1,0,1,56
"692",6369884,6369884.1,2,1,0,1,1,0,1,30
"693",6369893,6369893.1,2,1,0,0,3,1,1,46
"694",6369993,6369993.1,2,1,0,0,1,0,1,31
"695",6370069,6370069.1,2,1,0,0,1,0,1,47
"696",6370285,6370285.1,2,1,0,0,1,1,1,44
"697",6370301,6370301.1,2,0,0,1,5,0,1,38
"698",6371039,6371039.1,2,1,0,0,1,0,1,53
"699",6371089,6371089.1,2,0,0,0,1,1,1,36
"700",6371242,6371242.1,2,1,0,1,1,0,1,55
"701",6371271,6371271.1,2,0,0,1,1,0,1,43
"702",6371851,6371851.1,2,0,0,1,1,0,1,45
"703",6372143,6372143.1,3,0,0,0,1,0,1,44
"704",6373856,6373856.1,2,1,0,1,1,0,1,46
"705",6374026,6374026.1,2,0,0,1,5,0,1,27
"706",6374040,6374040.1,2,0,0,1,1,0,1,46
"707",6374145,6374145.1,2,1,0,0,1,0,1,26
"708",6374365,6374365.1,2,0,0,1,5,0,1,34
"709",6374441,6374441.1,2,0,0,1,1,0,1,45
"710",6374507,6374507.1,2,1,0,0,2,0,1,46
"711",6374658,6374658.1,2,1,0,0,1,0,1,50
"712",6374693,6374693.1,2,1,0,1,1,0,1,39
"713",6374741,6374741.1,2,1,0,0,1,0,1,30
"714",6375255,6375255.1,2,1,0,0,1,0,1,27
"715",6375300,6375300.1,2,1,0,0,1,1,1,30
"716",6379302,6379302.1,2,1,0,0,1,1,1,33
"717",6379344,6379344.1,3,1,0,0,1,0,1,42
"718",6380105,6380105.1,3,0,0,1,5,0,1,42
"719",6380552,6380552.1,2,0,0,0,5,1,1,42
"720",6380599,6380599.1,3,1,0,1,1,1,1,37
"721",6381432,6381432.1,2,0,1,0,3,0,1,49
"722",6381629,6381629.1,2,0,1,0,1,1,1,37
"723",6383239,6383239.1,2,0,1,0,3,1,1,38
"724",6383519,6383519.1,2,1,0,1,1,0,1,45
"725",6383773,6383773.1,2,0,1,0,1,1,1,24
"726",6384271,6384271.1,2,1,0,0,1,1,1,29
"727",6384279,6384279.1,2,1,0,0,1,0,1,27
"728",6384746,6384746.1,2,0,0,1,1,1,1,22
"729",6384925,6384925.1,2,0,0,0,5,1,1,26
"730",6386549,6386549.1,2,1,0,1,1,1,1,41
"731",6386647,6386647.1,2,1,0,0,1,0,1,33
"732",6386699,6386699.1,3,0,0,0,1,0,1,38
"733",6386754,6386754.1,3,1,0,0,1,0,1,40
"734",6386822,6386822.1,2,0,0,1,5,0,1,36
"735",6387420,6387420.1,2,1,0,0,1,0,1,60
"736",6388061,6388061.1,2,0,1,0,1,0,1,39
"737",6389410,6389410.1,2,1,0,1,1,0,1,49
"738",6389975,6389975.1,2,1,0,0,1,1,1,48
"739",6390430,6390430.1,3,1,0,1,5,0,1,41
"740",6391093,6391093.1,2,0,0,1,1,1,1,60
"741",6391540,6391540.1,2,1,0,1,1,0,1,62
"742",6394661,6394661.1,2,1,0,0,1,0,1,53
"743",6395713,6395713.1,2,1,0,0,3,0,1,40
"744",6397681,6397681.1,2,1,0,0,1,0,1,23
"745",6397813,6397813.1,2,0,0,1,1,0,1,63
"746",6398028,6398028.1,2,0,0,1,1,0,1,58
"747",6398216,6398216.1,2,0,0,1,1,0,1,36
"748",6398323,6398323.1,2,0,0,1,5,1,1,47
"749",6398352,6398352.1,2,0,0,1,1,0,1,35
"750",6398631,6398631.1,2,1,0,1,1,0,1,29
"751",6398721,6398721.1,3,0,0,1,1,0,1,57
"752",6398734,6398734.1,2,1,0,1,1,0,1,42
"753",6398926,6398926.1,3,0,1,0,1,1,1,40
"754",6399003,6399003.1,2,0,0,0,5,1,1,22
"755",6399634,6399634.1,3,0,0,1,1,0,1,34
"756",6399705,6399705.1,2,0,0,0,5,1,1,26
"757",6399993,6399993.1,3,0,0,1,1,1,1,29
"758",6400051,6400051.1,2,0,0,1,1,0,1,32
"759",6400128,6400128.1,2,0,0,1,5,0,1,49
"760",6400367,6400367.1,2,0,1,0,3,0,1,49
"761",6400436,6400436.1,3,0,0,0,1,0,1,47
"762",6400530,6400530.1,2,1,0,0,1,0,1,37
"763",6400578,6400578.1,3,1,0,1,1,0,1,45
"764",6400594,6400594.1,2,1,0,0,1,0,1,29
"765",6400937,6400937.1,2,0,0,1,1,0,1,23
"766",6402335,6402335.1,2,0,0,0,1,1,1,49
"767",6402465,6402465.1,2,0,0,1,1,0,1,49
"768",6402520,6402520.1,3,1,0,0,1,0,1,16
"769",6403040,6403040.1,3,0,0,0,1,0,1,38
"770",6403065,6403065.1,2,0,0,0,1,1,1,33
"771",6403174,6403174.1,2,0,0,1,1,0,1,24
"772",6403372,6403372.1,3,0,1,0,3,0,1,54
"773",6403379,6403379.2,2,0,0,0,1,0,2,42
"774",6403379,6403379.2,2,0,0,0,1,0,2,42
"775",6403466,6403466.1,3,0,0,1,1,0,1,47
"776",6403938,6403938.1,3,1,0,0,3,0,1,31
"777",6404020,6404020.1,2,0,0,1,5,0,1,27
"778",6404073,6404073.1,2,0,0,0,1,1,1,29
"779",6404200,6404200.1,3,1,0,0,3,0,1,26
"780",6404617,6404617.1,3,1,0,0,1,1,1,40
"781",6405199,6405199.1,3,1,0,0,1,1,1,41
"782",6405244,6405244.1,2,1,0,1,1,0,1,39
"783",6405263,6405263.1,2,0,0,0,1,0,1,31
"784",6405493,6405493.1,3,1,0,0,1,0,1,57
"785",6407878,6407878.1,2,1,0,0,1,0,1,42
"786",6407966,6407966.1,2,0,0,1,1,1,1,32
"787",6407994,6407994.1,2,1,0,0,1,0,1,46
"788",6408224,6408224.1,3,1,0,0,1,0,1,22
"789",6408232,6408232.1,3,1,0,0,1,0,1,24
"790",6408246,6408246.1,3,1,0,0,1,0,1,29
"791",6408663,6408663.1,3,0,0,1,1,1,1,27
"792",6408709,6408709.1,3,0,0,1,5,1,1,55
"793",6409113,6409113.1,3,1,0,1,1,0,1,46
"794",6409521,6409521.1,3,1,0,0,3,0,1,27
"795",6409733,6409733.1,3,1,0,0,1,0,1,22
"796",6409779,6409779.1,2,1,0,0,1,0,1,32
"797",6410128,6410128.1,2,0,0,1,5,0,1,30
"798",6410205,6410205.1,2,1,0,0,1,0,1,22
"799",6410249,6410249.1,2,1,0,0,1,0,1,33
"800",6410523,6410523.1,3,1,0,0,1,0,1,32
"801",6411425,6411425.1,3,0,0,0,1,0,1,45
"802",6413475,6413475.1,2,1,0,0,1,0,1,29
"803",6413789,6413789.1,2,1,0,1,1,0,1,52
"804",6413986,6413986.1,2,1,0,0,1,0,1,31
"805",6414234,6414234.1,2,0,0,1,1,0,1,37
"806",6414245,6414245.1,3,0,0,0,1,0,1,56
"807",6414294,6414294.1,2,0,0,1,5,0,1,40
"808",6414447,6414447.1,2,1,0,0,1,0,1,24
"809",6414839,6414839.1,2,0,0,0,5,1,1,40
"810",6415629,6415629.1,3,1,0,0,3,1,1,33
"811",6415641,6415641.1,3,1,0,0,3,0,1,23
"812",6415684,6415684.1,3,0,0,0,5,0,1,49
"813",6415954,6415954.1,3,1,0,0,1,0,1,26
"814",6416209,6416209.1,3,1,0,0,1,1,1,49
"815",6416521,6416521.1,2,0,0,1,1,0,1,47
"816",6416980,6416980.1,2,0,0,0,1,1,1,26
"817",6418225,6418225.1,2,0,0,1,5,0,1,46
"818",6418596,6418596.1,3,0,0,1,5,0,1,61
"819",6418805,6418805.1,3,0,0,0,1,0,1,28
"820",6419228,6419228.1,3,1,0,0,3,0,1,35
"821",6419345,6419345.1,3,1,0,1,1,0,1,45
"822",6419355,6419355.1,2,1,0,0,1,0,1,49
"823",6419364,6419364.1,3,1,0,0,3,0,1,39
"824",6419513,6419513.1,3,0,0,0,1,0,1,26
"825",6419563,6419563.1,3,1,0,0,1,0,1,49
"826",6419627,6419627.1,2,1,0,0,1,0,1,39
"827",6419656,6419656.1,3,1,0,0,1,1,1,24
"828",6420352,6420352.1,3,0,0,1,0,0,1,38
"829",6421049,6421049.1,2,0,0,1,1,0,1,24
"830",6421882,6421882.1,3,0,1,0,3,0,1,26
"831",6423323,6423323.1,3,1,0,1,1,0,1,31
"832",6423363,6423363.1,3,0,0,0,1,0,1,36
"833",6423840,6423840.1,2,0,1,0,1,0,1,40
"834",6425996,6425996.1,3,0,0,0,5,0,1,30
"835",6426942,6426942.1,3,1,0,0,1,0,1,51
"836",6428743,6428743.1,2,0,0,1,1,0,1,43
"837",6428774,6428774.1,2,1,0,0,1,0,1,43
"838",6428817,6428817.1,2,1,0,1,1,1,1,33
"839",6428999,6428999.1,2,0,0,1,1,0,1,58
"840",6429000,6429000.1,3,0,0,1,1,0,1,43
"841",6429014,6429014.1,2,0,0,1,1,0,1,49
"842",6429024,6429024.1,3,1,0,0,1,0,1,41
"843",6429172,6429172.1,3,0,0,0,1,1,1,52
"844",6429842,6429842.1,2,0,0,1,1,0,1,50
"845",6430197,6430197.1,2,1,0,0,1,0,1,24
"846",6430364,6430364.1,3,1,0,0,1,0,1,38
"847",6430408,6430408.1,3,1,0,0,1,0,1,32
"848",6430438,6430438.1,3,0,0,1,1,0,1,34
"849",6430570,6430570.1,3,1,0,0,3,0,1,38
"850",6430879,6430879.1,2,0,0,0,1,0,1,43
"851",6430883,6430883.1,3,1,0,0,1,0,1,29
"852",6431330,6431330.1,3,0,0,1,1,1,1,36
"853",6431348,6431348.1,2,1,0,1,1,1,1,30
"854",6431734,6431734.1,2,1,0,1,1,0,1,52
"855",6432175,6432175.1,3,0,0,1,1,0,1,45
"856",6434077,6434077.1,3,0,0,1,1,0,1,37
"857",6434232,6434232.1,3,0,0,0,3,0,1,55
"858",6434287,6434287.1,3,1,0,1,1,0,1,40
"859",6434431,6434431.1,2,0,0,1,5,0,1,34
"860",6434520,6434520.1,3,1,0,1,1,1,1,67
"861",6434547,6434547.1,3,1,0,0,1,0,1,46
"862",6434712,6434712.1,3,1,0,0,1,0,1,36
"863",6434745,6434745.1,3,1,0,0,1,1,1,26
"864",6434858,6434858.1,3,1,0,0,1,0,1,21
"865",6435096,6435096.1,3,0,0,1,1,0,1,32
"866",6435111,6435111.1,3,0,0,0,1,0,1,43
"867",6435571,6435571.1,2,1,0,0,3,0,1,40
"868",6435607,6435607.1,3,1,0,0,1,0,1,53
"869",6435839,6435839.1,3,0,0,1,1,0,1,59
"870",6436449,6436449.1,2,1,0,1,1,0,1,36
"871",6436706,6436706.1,3,1,0,0,1,1,1,21
"872",6436799,6436799.1,3,0,0,1,1,0,1,40
"873",6436868,6436868.1,2,0,0,1,5,0,1,33
"874",6437176,6437176.1,3,1,0,0,1,0,1,40
"875",6439995,6439995.1,3,0,0,1,1,0,1,63
"876",6440317,6440317.1,2,0,0,1,5,1,1,20
"877",6440390,6440390.1,2,0,0,0,1,0,1,41
"878",6440444,6440444.1,3,0,0,0,1,0,1,46
"879",6440545,6440545.1,2,0,0,0,3,1,1,28
"880",6440767,6440767.1,2,0,0,1,5,0,1,49
"881",6440849,6440849.1,3,0,0,0,5,1,1,30
"882",6441754,6441754.1,3,0,0,1,1,0,1,38
"883",6442075,6442075.1,3,0,0,1,5,0,1,25
"884",6444289,6444289.1,3,0,0,1,1,0,1,31
"885",6444291,6444291.1,2,1,0,0,1,0,1,27
"886",6444344,6444344.1,3,0,0,1,5,0,1,51
"887",6444371,6444371.1,3,1,0,0,1,0,1,21
"888",6444664,6444664.1,3,1,0,0,1,0,1,31
"889",6444898,6444898.1,2,0,0,1,1,0,1,31
"890",6444998,6444998.1,3,0,0,2,1,0,1,43
"891",6444998,6444998.1,3,0,0,2,1,0,1,43
"892",6445316,6445316.1,3,0,0,0,1,1,1,64
"893",6445499,6445499.1,2,1,0,0,3,0,1,25
"894",6445620,6445620.1,3,1,0,0,1,0,1,48
"895",6445694,6445694.1,3,0,1,0,3,0,1,40
"896",6445819,6445819.1,3,1,0,0,3,1,1,30
"897",6446084,6446084.1,3,0,1,0,3,1,1,44
"898",6446451,6446451.1,3,1,0,1,1,0,1,30
"899",6446543,6446543.1,3,0,0,1,1,0,1,53
"900",6446590,6446590.1,2,1,0,0,3,0,1,59
"901",6446817,6446817.1,3,0,0,1,1,0,1,30
"902",6447009,6447009.1,2,1,0,0,1,0,1,47
"903",6449033,6449033.1,2,0,1,0,3,0,1,44
"904",6449354,6449354.1,3,0,0,1,1,0,1,26
"905",6449647,6449647.1,3,0,0,1,1,0,1,32
"906",6449883,6449883.1,3,0,0,0,5,0,1,45
"907",6449895,6449895.1,3,1,0,1,1,0,1,51
"908",6450048,6450048.1,3,0,0,1,1,1,1,25
"909",6450112,6450112.1,3,1,0,0,1,0,1,34
"910",6450129,6450129.1,3,1,0,0,1,1,1,44
"911",6450220,6450220.1,3,1,0,0,1,1,1,31
"912",6450300,6450300.1,3,1,0,0,1,0,1,39
"913",6450486,6450486.1,3,0,0,1,1,0,1,51
"914",6450528,6450528.1,3,1,0,0,1,0,1,35
"915",6450647,6450647.1,3,1,0,0,1,0,1,41
"916",6450795,6450795.1,3,1,0,0,1,0,1,38
"917",6450821,6450821.1,3,1,0,0,1,0,1,46
"918",6451064,6451064.1,3,1,0,1,1,0,1,22
"919",6451740,6451740.1,3,1,0,0,1,1,1,40
"920",6453579,6453579.1,3,1,0,0,1,0,1,53
"921",6455966,6455966.1,3,0,1,0,1,0,1,28
"922",6456411,6456411.1,3,1,0,0,1,0,1,31
"923",6457563,6457563.1,3,0,0,1,1,0,1,43
"924",6458572,6458572.1,3,1,0,1,1,0,1,42
"925",6458820,6458820.1,3,0,1,0,3,1,1,35
"926",6459054,6459054.1,3,1,0,0,2,0,1,31
"927",6459127,6459127.1,3,0,1,0,3,1,1,26
"928",6459291,6459291.1,3,0,0,1,1,0,1,31
"929",6459483,6459483.1,3,1,0,0,1,0,1,37
"930",6459528,6459528.1,3,1,0,0,1,0,1,42
"931",6459681,6459681.1,3,0,0,1,5,1,1,55
"932",6459695,6459695.1,3,1,0,1,1,0,1,63
"933",6459805,6459805.1,3,0,0,1,1,0,1,32
"934",6460064,6460064.1,3,0,0,1,1,0,1,42
"935",6460107,6460107.1,3,0,0,0,0,1,1,20
"936",6460138,6460138.1,3,1,0,1,1,0,1,35
"937",6460166,6460166.1,3,1,0,0,1,1,1,32
"938",6460352,6460352.1,3,0,1,0,3,0,1,27
"939",6460372,6460372.1,3,1,0,0,3,0,1,37
"940",6460547,6460547.1,3,0,0,0,5,0,1,39
"941",6460674,6460674.1,3,0,0,0,1,0,1,28
"942",6460681,6460681.1,3,1,0,1,1,1,1,34
"943",6460896,6460896.1,3,1,0,1,1,0,1,46
"944",6461628,6461628.1,3,0,0,1,0,0,1,59
"945",6461715,6461715.1,3,0,0,1,5,0,1,24
"946",6461910,6461910.1,3,1,0,0,1,1,1,42
"947",6462354,6462354.1,3,1,0,1,1,1,1,41
"948",6462734,6462734.1,3,1,0,1,1,0,1,29
"949",6463475,6463475.1,3,0,0,0,1,0,1,54
"950",6464230,6464230.1,3,1,0,0,1,0,1,23
"951",6464631,6464631.1,3,0,0,1,1,0,1,63
"952",6464939,6464939.1,3,0,0,1,5,0,1,42
"953",6465490,6465490.1,3,0,0,1,1,0,1,63
"954",6466145,6466145.1,3,0,0,0,1,1,1,43
"955",6466180,6466180.1,3,0,0,0,1,0,1,46
"956",6466233,6466233.1,3,1,0,1,1,0,1,46
"957",6466577,6466577.1,3,0,0,1,1,0,1,27
"958",6466948,6466948.1,3,1,0,1,1,0,1,52
"959",6467232,6467232.1,3,0,0,1,1,0,1,33
"960",6467236,6467236.1,3,1,0,1,1,0,1,34
"961",6467480,6467480.1,3,1,0,1,1,1,1,45
"962",6467556,6467556.1,3,1,0,0,3,1,1,26
"963",6467626,6467626.1,3,0,0,1,1,1,1,28
"964",6468102,6468102.1,3,0,0,0,3,0,1,40
"965",6469597,6469597.1,3,0,0,1,1,0,1,63
"966",6469722,6469722.1,3,0,0,1,1,0,1,58
"967",6469753,6469753.1,3,0,0,1,1,1,1,30
"968",6469774,6469774.1,3,1,0,0,1,1,1,26
"969",6469869,6469869.1,3,0,0,0,3,0,1,53
"970",6469959,6469959.1,3,1,0,1,1,1,1,32
"971",6470113,6470113.1,3,0,0,1,1,0,1,53
"972",6470278,6470278.1,3,0,0,0,0,0,1,31
"973",6470597,6470597.1,3,1,0,1,5,1,1,25
"974",6470625,6470625.1,3,0,0,1,1,0,1,55
"975",6471021,6471021.1,3,0,0,0,1,1,1,37
"976",6471308,6471308.1,3,1,0,1,1,0,1,47
"977",6471329,6471329.1,3,1,0,1,1,1,1,44
"978",6471342,6471342.1,3,1,1,0,0,0,1,46
"979",6471677,6471677.1,3,0,0,0,1,0,1,49
"980",6472297,6472297.1,3,1,0,0,1,0,1,43
"981",6472428,6472428.1,3,0,0,0,1,0,1,25
"982",6472512,6472512.1,3,0,0,1,1,0,1,42
"983",6472537,6472537.1,3,1,0,1,1,0,1,40
"984",6472608,6472608.1,3,0,0,1,5,0,1,33
"985",6473152,6473152.1,3,0,0,1,1,1,1,35
"986",6473236,6473236.1,3,0,0,1,1,0,1,58
"987",6475340,6475340.1,3,1,0,1,1,0,1,52
"988",6475412,6475412.1,3,0,1,0,3,1,1,38
"989",6475429,6475429.1,3,0,0,0,1,0,1,26
"990",6475525,6475525.1,3,0,0,1,1,0,1,57
"991",6475840,6475840.1,3,1,0,1,1,0,1,52
"992",6475916,6475916.1,3,1,0,1,1,0,1,49
"993",6476179,6476179.1,3,0,0,0,1,0,1,48
"994",6476559,6476559.1,3,1,0,0,3,0,1,33
"995",6476880,6476880.1,3,1,0,1,1,0,1,55
"996",6477202,6477202.1,3,0,0,1,1,1,1,26
"997",6478269,6478269.1,3,0,0,1,1,0,1,48
"998",6478856,6478856.1,3,0,0,0,2,0,1,30
"999",6480156,6480156.1,3,1,0,0,1,0,1,44
"1000",6480987,6480987.1,2,1,0,0,0,0,1,39
"1001",6481063,6481063.1,3,0,0,1,1,0,1,52
"1002",6482153,6482153.1,3,1,0,1,1,0,1,43
"1003",6482382,6482382.1,3,1,0,0,1,0,1,37
"1004",6482393,6482393.1,3,1,0,1,1,0,1,27
"1005",6483137,6483137.1,3,0,0,1,5,0,1,59
"1006",6486016,6486016.1,3,1,0,1,1,0,1,47
"1007",6488100,6488100.1,3,0,0,0,1,1,1,45
"1008",6488126,6488126.1,3,0,0,0,1,0,1,53
"1009",6490886,6490886.1,3,1,0,0,1,0,1,50
"1010",6491248,6491248.1,3,0,0,0,1,0,1,43
"1011",6491885,6491885.1,3,0,0,1,1,0,1,36
"1012",6493187,6493187.1,3,1,0,2,1,1,1,61
"1013",6493187,6493187.1,3,1,0,2,1,1,1,61
"1014",6493841,6493841.1,3,0,0,1,1,0,1,42
"1015",6493944,6493944.1,3,0,0,0,0,0,1,33
"1016",6494086,6494086.1,3,0,0,1,1,1,1,49
"1017",6494399,6494399.1,3,1,0,0,1,0,1,25
"1018",6494628,6494628.1,3,0,0,1,1,1,1,28
"1019",6494849,6494849.1,3,0,0,1,1,0,1,33
"1020",6494874,6494874.1,3,1,1,0,1,0,1,34
"1021",6495307,6495307.1,3,0,0,0,1,0,1,33
"1022",6495657,6495657.1,3,1,0,0,0,0,1,22
"1023",6495740,6495740.1,3,1,0,0,0,0,1,51
"1024",6495874,6495874.1,3,0,0,1,1,0,1,53
"1025",6496049,6496049.1,3,0,0,1,5,1,1,43
"1026",6496190,6496190.1,3,1,1,0,1,0,1,27
"1027",6496243,6496243.1,3,0,0,1,5,0,1,29
"1028",6496425,6496425.1,3,0,0,1,1,1,1,38
"1029",6496520,6496520.1,3,0,0,0,1,0,1,57
"1030",6496523,6496523.1,3,1,0,0,1,1,1,38
"1031",6497805,6497805.1,3,0,0,1,1,0,1,41
"1032",6497814,6497814.1,3,0,1,0,3,0,1,32
"1033",6499568,6499568.1,3,1,0,1,1,0,1,40
"1034",6499774,6499774.1,3,0,0,1,1,0,1,24
"1035",6499849,6499849.1,3,0,0,1,0,0,1,38
"1036",6499984,6499984.1,3,0,0,1,1,0,1,54
"1037",6501810,6501810.1,3,0,0,1,5,0,1,61
"1038",6502185,6502185.1,3,1,0,1,4,1,1,40
"1039",6502388,6502388.1,3,1,0,1,3,1,1,43
"1040",6502570,6502570.1,3,0,0,1,5,0,1,51
"1041",6502757,6502757.1,3,0,0,1,3,0,1,24
"1042",6503376,6503376.1,3,1,1,0,1,0,1,49
"1043",6506206,6506206.1,3,0,0,1,1,1,1,37
"1044",6506332,6506332.1,3,0,0,1,5,0,1,30
"1045",6506368,6506368.1,3,0,0,1,1,0,1,48
"1046",6506402,6506402.1,3,1,0,1,1,0,1,66
"1047",6506603,6506603.1,3,1,0,0,1,0,1,30
"1048",6506624,6506624.1,3,0,0,1,1,1,1,33
"1049",6506854,6506854.1,3,1,0,1,1,0,1,63
"1050",6507265,6507265.1,3,1,0,0,1,1,1,24
"1051",6507281,6507281.1,3,0,0,1,5,1,1,26
"1052",6507400,6507400.1,3,0,0,0,1,0,1,60
"1053",6507427,6507427.1,3,1,0,0,3,0,1,43
"1054",6507494,6507494.1,3,1,0,0,0,0,1,23
"1055",6507743,6507743.1,3,0,0,1,5,0,1,46
"1056",6508519,6508519.1,3,1,0,0,1,0,1,36
"1057",6508659,6508659.1,3,0,0,0,1,0,1,38
"1058",6508964,6508964.1,3,0,0,1,1,0,1,37
"1059",6510710,6510710.1,3,1,0,1,1,1,1,22
"1060",6511233,6511233.1,3,0,0,1,1,1,1,42
"1061",6511267,6511267.1,3,1,0,0,1,0,1,31
"1062",6511584,6511584.1,3,1,0,0,1,0,1,42
"1063",6511606,6511606.1,3,1,0,0,3,1,1,30
"1064",6512507,6512507.1,3,1,0,1,1,0,1,51
"1065",6512723,6512723.1,3,0,0,0,1,0,1,27
"1066",6512918,6512918.1,3,1,0,0,1,0,1,36
"1067",6513058,6513058.1,3,1,0,0,3,0,1,21
"1068",6513063,6513063.1,3,0,1,0,1,0,1,47
"1069",6513257,6513257.1,3,1,0,1,1,0,1,34
"1070",6514130,6514130.1,3,1,0,1,1,0,1,21
"1071",6514369,6514369.1,3,0,0,1,5,0,1,32
"1072",6515564,6515564.1,3,0,0,1,1,0,1,57
"1073",6517157,6517157.1,3,1,0,0,1,0,1,63
"1074",6517413,6517413.1,3,0,0,1,1,1,1,52
"1075",6517799,6517799.1,3,1,0,0,1,0,1,37
"1076",6517905,6517905.1,3,0,1,1,1,0,1,43
"1077",6517906,6517906.1,3,0,0,1,5,0,1,37
"1078",6518545,6518545.1,3,1,0,0,1,0,1,50
"1079",6518555,6518555.1,3,0,0,1,1,0,1,28
"1080",6518556,6518556.1,3,1,0,1,1,0,1,41
"1081",6518875,6518875.1,3,0,0,1,1,0,1,31
"1082",6518946,6518946.1,2,1,0,0,1,0,1,28
"1083",6518996,6518996.1,2,1,0,0,1,0,1,30
"1084",6519044,6519044.1,2,1,0,0,1,0,1,23
"1085",6519076,6519076.1,2,1,0,0,1,0,1,26
"1086",6519979,6519979.1,3,0,0,0,1,0,1,39
"1087",6519980,6519980.1,3,0,0,1,1,0,1,28
"1088",6520524,6520524.1,3,1,0,0,1,1,1,32
"1089",6527133,6527133.1,3,0,0,0,1,0,1,28
"1090",6527144,6527144.1,3,0,0,0,1,0,1,26
"1091",6527188,6527188.1,3,0,1,0,1,0,1,43
"1092",6527541,6527541.1,3,0,0,1,5,1,1,41
"1093",6527683,6527683.1,2,1,0,0,0,0,1,26
"1094",6527713,6527713.1,3,1,0,0,1,0,1,50
"1095",6527758,6527758.1,3,0,0,1,1,1,1,53
"1096",6527767,6527767.1,3,0,0,1,1,0,1,22
"1097",6527831,6527831.1,3,1,0,0,1,1,1,27
"1098",6527911,6527911.1,3,0,0,0,0,0,1,30
"1099",6528427,6528427.1,3,1,0,1,1,1,1,37
"1100",6528764,6528764.1,3,1,0,0,1,1,1,26
"1101",6529944,6529944.1,3,1,0,1,1,0,1,57
"1102",6532611,6532611.1,3,0,0,1,1,1,1,29
"1103",6533349,6533349.1,3,1,0,1,1,0,1,55
"1104",6533369,6533369.1,3,0,0,1,6,0,1,64
"1105",6533749,6533749.1,3,1,0,1,1,1,1,26
"1106",6533955,6533955.1,3,0,0,1,1,1,1,39
"1107",6534617,6534617.1,3,0,0,1,1,0,1,55
"1108",6535378,6535378.1,3,1,0,1,1,0,1,46
"1109",6535716,6535716.1,3,0,0,1,1,0,1,27
"1110",6535929,6535929.1,3,1,0,1,1,0,1,26
"1111",6536654,6536654.1,2,1,0,0,1,0,1,40
"1112",6537913,6537913.1,3,0,0,0,3,0,1,37
"1113",6537913,6537913.1,3,0,0,0,3,0,1,37
"1114",6538751,6538751.1,3,0,0,1,1,1,1,44
"1115",6539439,6539439.1,3,0,0,1,5,0,1,41
"1116",6539736,6539736.1,3,0,0,1,1,0,1,28
"1117",6540054,6540054.1,3,0,1,0,5,0,1,26
"1118",6540326,6540326.1,2,1,0,0,1,0,1,50
"1119",6540415,6540415.1,3,0,0,0,0,1,1,60
"1120",6540450,6540450.1,2,1,0,0,1,0,1,48
"1121",6541567,6541567.1,3,0,0,0,1,0,1,23
"1122",6541748,6541748.1,3,0,0,0,1,1,1,30
"1123",6541913,6541913.1,3,0,0,1,1,1,1,47
"1124",6546405,6546405.1,3,1,0,1,1,0,1,31
"1125",6546714,6546714.1,3,0,0,0,1,1,1,38
"1126",6546768,6546768.1,3,0,0,0,1,1,1,34
"1127",6546897,6546897.1,3,1,0,0,1,0,1,49
"1128",6547004,6547004.1,3,1,0,0,1,0,1,46
"1129",6547158,6547158.1,3,1,0,0,1,0,1,43
"1130",6547194,6547194.1,3,0,0,1,1,0,1,45
"1131",6550300,6550300.1,3,0,0,0,1,1,1,49
"1132",6551013,6551013.1,3,0,0,1,1,0,1,44
"1133",6551362,6551362.1,3,0,0,1,1,0,1,32
"1134",6551436,6551436.1,3,0,0,1,1,0,1,39
"1135",6552096,6552096.1,3,0,0,1,1,1,1,35
"1136",6559590,6559590.1,3,0,0,1,1,0,1,55
"1137",6561335,6561335.1,3,0,0,1,1,1,1,34
"1138",6563751,6563751.1,3,0,0,1,1,0,1,38
"1139",6564169,6564169.1,3,0,0,1,5,0,1,38
"1140",6565284,6565284.1,3,0,0,0,1,0,1,46
"1141",6568635,6568635.1,3,0,0,0,1,0,1,43
"1142",6568842,6568842.1,3,1,0,1,1,0,1,34
"1143",6569361,6569361.1,3,1,0,0,1,1,1,47
"1144",6572581,6572581.1,3,0,0,0,3,1,1,34
"1145",6572700,6572700.1,3,0,0,1,5,0,1,52
"1146",6573376,6573376.1,3,0,1,0,1,0,1,29
"1147",6574092,6574092.1,3,0,0,1,1,0,1,36
"1148",6574363,6574363.1,3,1,0,1,1,0,1,58
"1149",6577371,6577371.1,3,0,0,0,1,0,1,50
"1150",6579532,6579532.1,3,0,0,1,1,0,1,36
"1151",6579703,6579703.1,3,0,0,1,1,1,1,54
"1152",6580597,6580597.1,3,0,0,1,1,0,1,20
"1153",6581463,6581463.1,3,0,0,1,1,1,1,25
"1154",6588833,6588833.1,3,1,0,1,1,0,1,23
"1155",6592000,6592000.1,3,0,0,0,1,0,1,34
"1156",6599867,6599867.1,2,1,0,0,1,0,1,40
"1157",6605123,6605123.1,3,1,1,0,1,0,1,46
"1158",6605172,6605172.1,3,1,0,0,1,0,1,50
"1159",6606131,6606131.1,3,1,0,0,1,0,1,27
"1160",6610345,6610345.1,3,1,0,1,1,0,1,25
"1161",6616820,6616820.1,3,0,0,1,1,1,1,33
"1162",6621021,6621021.1,2,0,0,0,0,0,1,35
"1163",6621068,6621068.1,2,0,0,0,0,1,1,37
"1164",6621087,6621087.1,2,0,0,0,0,1,1,31
"1165",6621290,6621290.1,3,1,0,0,1,0,1,23
"1166",6621314,6621314.1,3,1,0,0,1,0,1,21
"1167",6656087,6656087.1,3,1,0,0,0,0,1,37
"1168",6730100,6730100.1,3,1,0,0,1,0,1,40
"1169",6738607,6738607.1,3,1,0,0,1,1,1,59
"1170",6755689,6755689.1,3,1,0,0,1,0,1,42
"1171",6793146,6793146.1,3,1,0,0,1,0,1,33
"1172",6931468,6931468.1,2,0,0,0,1,0,1,33
"1173",7315732,7315732.1,3,0,0,0,5,0,1,25
"1174",7367412,7367412.1,3,1,0,0,1,0,1,40
"1175",7382851,7382851.1,3,0,0,0,1,0,1,28
"1176",8660312,8660312.1,3,1,0,0,1,0,1,27
